0.00018419065842069664,-0.548795847523221,685.5676215766382,0.00018644321235411523,-0.10045802316260505,982.0939200973881
0.00018419065842069664,-0.548795847523221,685.5676215766382,0.00018644321235411523,-0.10045802316260505,982.0939200973881
0.0001643438584004681,-0.5314146738264335,682.2521876689495,0.00018644321235411523,-0.10045802316260505,982.0939200973881
0.00015478368878684673,-0.5233601615231817,681.5790572555342,0.00018644321235411523,-0.10045802316260505,982.0939200973881
0.00013967523153223362,-0.5046615323328343,675.2027302389769,0.00018644321235411523,-0.10045802316260505,982.0939200973881
0.00014811941376668302,-0.5131412697332626,678.9450594846854,0.00018644321235411523,-0.10045802316260505,982.0939200973881
0.00016802265701516855,-0.5327187518333221,683.435638637088,0.00018644321235411523,-0.10045802316260505,982.0939200973881
0.0001560467201033968,-0.5324740110826894,688.4095357617136,0.00018644321235411523,-0.10045802316260505,982.0939200973881
0.00014580298331021477,-0.5244695944659649,687.7953655953211,0.00018644321235411523,-0.10045802316260505,982.0939200973881
0.0001661374925685158,-0.5413478429508558,691.8115442854875,0.00018644321235411523,-0.10045802316260505,982.0939200973881
0.00016123398366854312,-0.5339254253196113,689.523764297902,0.00018644321235411523,-0.10045802316260505,982.0939200973881
0.00013635863979459027,-0.5008182371402331,677.2715095022623,0.00018644321235411523,-0.10045802316260505,982.0939200973881
8.979466459946457e-05,-0.4424287204021844,658.0982679299931,0.00018644321235411523,-0.10045802316260505,982.0939200973881
0.00012826625418910621,-0.48183885422019124,666.1354533363536,0.00018644321235411523,-0.10045802316260505,982.0939200973881
0.00010753778313493769,-0.45638206254329394,657.833646830004,0.00018644321235411523,-0.10045802316260505,982.0939200973881
0.0001114476590498594,-0.45447788085057556,654.2020455474262,0.00018644321235411523,-0.10045802316260505,982.0939200973881
8.622453476366563e-05,-0.4314767161491763,648.7417985570746,0.00018734318612225712,-0.0865004847576994,969.5828130215044
0.00010069579948946836,-0.4379739970726129,646.34040146794,0.00018734318612225712,-0.0865004847576994,969.5828130215044
5.473113258269839e-05,-0.39803269038622147,639.7592357675271,0.00017223616248958733,-0.07560775135995355,962.0832733729749
6.938958440046225e-05,-0.4021015197223725,634.9692789215326,0.00017346215353490765,-0.07900217232277246,963.8461066701642
6.33239247354732e-05,-0.39692673929714223,633.9647156568479,0.00019325105442801927,-0.08079218503823715,959.3541172403244
3.1580111735280275e-05,-0.35698297488800534,620.2463732020573,0.0002688439464265488,-0.12350744662221144,963.1425582720444
3.449716244634504e-05,-0.35986173636808866,621.9416480071652,0.00019459587030256866,-0.08483510587883003,955.8944242601355
1.1784948264077533e-05,-0.33281943102269856,610.9273363659934,0.0001937231774195199,-0.08263378126440314,957.6990672597273
2.0396620186532815e-05,-0.3460562609659235,616.7299769138426,0.00016190837567479173,-0.06078968205901556,949.8750770312031
-6.156502271931192e-06,-0.31355217849113465,607.5408586850319,0.00020953104682168943,-0.09458894953451522,952.189392200863
-3.615080196656406e-05,-0.2909309090219174,607.5312037820356,0.0003213834930299356,-0.17593187774906296,957.3626286206437
-1.7829483026884398e-05,-0.3101452633302962,610.7401708549894,0.00029530831662021706,-0.1647919766471776,957.1454476309804
-1.1662966266985466e-05,-0.31646843270606956,614.1997500690511,0.00034224395169685316,-0.20997569473226893,961.8901200577425
1.1399487850960316e-05,-0.33909752400865556,618.6344723319531,0.0003303756446231617,-0.2073327505977911,961.5870940337767
2.411177236852117e-05,-0.3532493422901077,621.0731169063372,0.00030310198294699627,-0.19159630927644414,958.8616716291292
9.028113508328501e-05,-0.40876761032499376,629.5696436566462,0.0003191333027215966,-0.2155548248905739,964.6696047648716
0.00010983323304009615,-0.4247958636181865,631.2753505006658,0.00029862648168693564,-0.20206025459419394,962.8779256134085
6.816219912778788e-05,-0.37552973601807893,616.4425429053614,0.00027956932824330696,-0.1871590905166172,960.3135919106732
9.358073176052924e-05,-0.39980980297295277,620.939905328362,0.00029253102075254986,-0.20020551592324964,961.8253466906048
9.651712204431202e-05,-0.3972298758092309,617.383841833342,0.00044274853569711397,-0.2889133509373224,971.9212250324905
0.00010311933191273623,-0.4164253846676569,626.8830887710673,0.0005878310517241822,-0.37955563305780166,979.6828681545379
0.00010149332628518466,-0.4148836111687961,627.1469576544773,0.0005926792170591353,-0.39513076268754066,980.8322538090905
0.0001453794283670941,-0.4665948634773084,642.4196684631304,0.0006267226482571609,-0.4384889047325804,988.0802225681867
0.00023691624690514574,-0.5575519508238707,661.5226090668486,0.0005770648722169938,-0.4186480949724429,988.799672297543
0.0002505309816234173,-0.5697163172961491,662.6518902945795,0.0005635805081189818,-0.4234388736033409,992.0737225816897
0.0002753908530030272,-0.5873470398318975,660.2328596344196,0.0004643582613947828,-0.3555014143578805,985.001956206589
0.00024329347123464427,-0.5569295179610289,652.3418450457104,0.0005161129988172235,-0.41345322064748513,997.6696341385061
0.000235444316487002,-0.5599329324699357,657.5260576941232,0.0005099555283457574,-0.42129460243178335,999.2191290550596
0.00025189072055667374,-0.5837616032971332,664.3928980226756,0.0005215572997105528,-0.44524215298914543,1004.7227780211015
0.00025756716340946835,-0.6050169059528072,676.3663103770881,0.0005138029312309414,-0.45422618598044273,1007.1950538700355
0.00019220361595147288,-0.5297332716620449,651.8208386037123,0.0004908387247059822,-0.4415894374715641,1008.4322811003044
0.00019885487623692852,-0.5414238359543623,654.3842612059537,0.00047526235475774337,-0.44043445799679426,1012.0580569359195
0.00018957449695568445,-0.5300889875207376,649.7009047575297,0.00046883913662038707,-0.4404876547191713,1013.2235581866792
0.00023668758921169467,-0.5922003889474114,670.630251880848,0.0005739554509257284,-0.5145951899860007,1023.9449392164255
0.0003539056296094004,-0.7318845579954517,709.9133621495654,0.0005729269760959766,-0.5180821687464351,1024.5101980286304
0.0003271725284267154,-0.7177865870335082,711.4192145471131,0.0005356139960438508,-0.5105929420744542,1026.9919208721842
0.0003048285984958802,-0.6978810342182971,707.6439550599839,0.0005678311876897617,-0.5411611420983233,1033.5677058233744
0.0003146165057504665,-0.7192837882210389,717.9871124210151,0.0004968874326489112,-0.5042737698606804,1031.935972873834
0.00034754846735327195,-0.7442400644824737,716.9735117684628,0.00048733934601607565,-0.5006471748975064,1036.056027345453
0.00031106078324307694,-0.7093091011423932,709.6477948190753,0.00047665439668662807,-0.5015492541444107,1039.471415939711
0.00034068147338860844,-0.7480276098161848,721.8596955945864,0.00046839921500972144,-0.5049230402652387,1042.7918840006919
0.00030126288393653573,-0.713677138568891,717.152573743093,0.0005506502147204006,-0.5883443658684268,1060.265047661966
0.00020806193239545024,-0.6207398103881346,696.5874975846616,0.0005378557483750827,-0.5927144114207357,1065.3852987763476
0.00027907066738901636,-0.708142842655031,725.0308866583566,0.0005255398357814743,-0.5913844558241051,1067.8671704128117
0.0002521724103880686,-0.6762163029525018,713.6233410684308,0.0005034818641460227,-0.5818678735557509,1070.8036974879453
0.00038200934995973675,-0.8159156501628338,748.5742963167028,0.0004919635461596528,-0.5803357791167343,1075.1264269238134
0.00036002996541522394,-0.7843873355008885,735.8971049063251,0.00047990569249511207,-0.572152438789637,1077.6188281971383
0.00034804783449340497,-0.7796265740031562,738.648714354483,0.0005652196268893682,-0.6188303808334894,1083.286022595364
0.00033242510198451476,-0.7871462811584704,748.7061104366768,0.0006232241366478403,-0.6602855476483123,1091.0943249878496
0.0003090016515708232,-0.770583024947748,748.5669553987908,0.0005404871990835544,-0.6240358265280909,1090.612841093318
0.00027673855355630795,-0.7440533616462441,747.2269328435316,0.0006252334002327776,-0.683002484169212,1100.0574786525044
0.000255723627592243,-0.7295446912020183,748.9821707138842,0.0005233302329428787,-0.626672364135982,1095.1106631455389
0.0001925969812329263,-0.662151293542003,732.9097170557429,0.0005858436946350842,-0.6756085044579895,1105.5085121025268
0.00016082903284311777,-0.6364543019872616,733.863398093201,0.0006046941688134291,-0.7003939697811681,1112.1842103059876
0.00020678282222875316,-0.687831904198717,748.3289771201843,0.0005700732898537228,-0.6809767977774716,1113.8190220208069
0.00017928286997510452,-0.6468878385385732,735.9999059944456,0.0005412357065291074,-0.665062851787195,1115.1909643990543
0.00015418920284566986,-0.6127267347932341,724.169880866776,0.0005094107908299486,-0.6478439276990607,1118.831560714823
0.00024069647588992885,-0.7063483819418169,749.0622851030082,0.0004981058406733277,-0.6482866484240274,1122.7959415420132
0.00021930538460822208,-0.6713308666558039,735.6518791508695,0.0004810457627411095,-0.6391178209667017,1126.119108045199
0.00023036607166022834,-0.6782589378528114,736.62129512475,0.00046082676282728523,-0.624382914645646,1125.4086549865572
0.00023163259042590696,-0.6789920843130012,737.4302997872943,0.0004389589317877543,-0.6097043782100072,1125.590127067668
0.0002622171396240654,-0.7124238522120375,746.2474556911006,0.00038026761111213024,-0.5780703519492937,1124.2472416687838
0.0002968893182845043,-0.7535226984505672,758.4767400344793,0.00037714843896578267,-0.575887819950463,1126.2167468055309
0.00033914734264623125,-0.7999844934766012,772.6819997882071,0.0003742519667163964,-0.5739945760244113,1127.0606949313676
0.00021399947123642776,-0.6639724235474261,737.7371686925075,0.0003585348387119354,-0.5642207402413013,1126.873401914683
0.0003361932968810606,-0.7986338610573736,775.1980747769143,0.00035918740421827947,-0.5631480749364314,1127.1683310156193
0.00037698474782632904,-0.8239191441146402,772.0706480352247,0.00032882320702269153,-0.538893804191327,1129.0734586391718
0.0003631266699526135,-0.8064473775105778,764.564613704339,0.00031476779301082425,-0.526920020790631,1129.7216714491617
0.0004009327712112032,-0.854921271626606,778.8776693929584,0.00031112548981125805,-0.5245166554802546,1131.2475468412567
0.00026167365950647973,-0.7012217148594885,738.6460987524462,0.0003131136235480247,-0.5249490361903152,1132.3025569828865
0.0002580884933826056,-0.6944855780149848,736.2056531703577,0.0002994473379280623,-0.510529645495579,1129.8191688302968
0.0003772183443193196,-0.8503504095390143,789.2548660211279,0.00030972227417512614,-0.5140244116831135,1127.7506288552063
0.00030501402737811837,-0.7857341011605086,779.7526720593646,0.0003128026615981539,-0.5112206474644714,1125.6099381023091
0.00024683980228506114,-0.7258113199902753,765.5077789482223,0.00030672973992099963,-0.5038592972851504,1123.8406848599368
0.00020936826921257856,-0.6841783130977533,753.15406610206,0.0002892930142594776,-0.48083707269930764,1120.6846249685482
0.00015726393936398505,-0.6489112704154223,752.7965135485,0.0003356971031384527,-0.5090644638761099,1123.6216095434095
0.00014915308516834464,-0.6413936143894502,751.9087070674784,0.00036330318448160874,-0.5187645642217458,1123.468166084696
0.00012284661704912013,-0.605605012679381,739.1666644203532,0.00031176749507976685,-0.48560344056090055,1120.0894956159896
9.93022858758632e-05,-0.571625988652374,727.0233154243205,0.00030955304154574347,-0.4777439197438809,1119.8581701788942
0.0001305084390850349,-0.6093709870142636,742.300132344318,0.00033504135004333086,-0.4887819372935052,1116.4350020972763
0.00014009313249894678,-0.6147661246589635,745.3779175576553,0.00032796605675834174,-0.48107420479082874,1112.8460927878893
0.000119233139661049,-0.6095486418326642,758.3294418077058,0.00034958785589212784,-0.4915915157322407,1106.679309959628
0.0001308771185563785,-0.616017144444558,761.465725016501,0.0003652300283729032,-0.4999327356447086,1104.7042307593365
0.00010890802968118112,-0.5906548569013724,759.1132102899185,0.0003689138789722581,-0.4997905156059067,1100.6666809383378
0.00011507874097698135,-0.5800376358811089,750.7335388615917,0.0003428577094771487,-0.47467150852730633,1096.8534942784129
0.00010096738675268718,-0.54463275212102,731.2930183071253,0.00031649472774911705,-0.4522740792601179,1096.3602428719396
0.00011686056964173124,-0.5409821893483475,720.7491685553472,0.00029672797260621496,-0.43589724246929623,1096.9406902594405
8.080636921684453e-05,-0.4920720944448234,703.9767232646794,0.0002939570082121298,-0.43071958471384014,1096.305903097615
7.866846543942845e-05,-0.46521374647799696,684.9645564470334,0.00027168553085080935,-0.41239546844404745,1096.7232852953173
6.619560746561743e-05,-0.44700856346505335,676.3900796491329,0.00027724652952018246,-0.40999364565584673,1094.6167989808541
3.493397176160894e-05,-0.41042736932985235,663.7105158910697,0.00027401327386090225,-0.40381092913390587,1091.875586255644
6.900764934793378e-05,-0.4360944640248151,665.9984614621881,0.0003120321721260003,-0.4237190323060808,1092.0748003071285
5.891647954337566e-05,-0.42854000061280084,664.8839424141746,0.0002503698995210991,-0.37569939099460653,1080.9270958702773
2.9815396831296727e-05,-0.39448575856015294,656.2474769857213,0.0001939261512829076,-0.3272171113022184,1066.9178890734518
2.0939920834201466e-05,-0.38291705211224447,653.7057477014864,0.00019331795015925095,-0.3169357907816601,1059.8071190466835
3.613246680603912e-05,-0.3945909648297633,655.3195981065766,0.00024124974959187535,-0.352923408852931,1063.529847937726
2.707162378176806e-05,-0.3729014887551423,644.4657129597572,0.0001929630326406191,-0.2994682732249653,1052.9119440700633
-2.2041501502372482e-06,-0.34822035153549785,641.9775737420473,3.6811915147918685e-05,-0.1451758089186821,1014.8622384171221
-4.131459041600549e-05,-0.28287671571047474,614.1231266487036,-3.6075131720763127e-06,-0.1067063966518809,1011.3647667140738
-5.687231617912407e-05,-0.25465461610518986,602.0986602579662,3.546688850807593e-05,-0.1524272303128417,1023.8657401434043
-2.959581906950071e-05,-0.2680365154049391,597.8423866318611,-5.5266762799832294e-05,-0.054050049038496355,1004.1638638066336
-2.477649536473282e-05,-0.2686001968354887,596.3920040743564,-5.5266762799832294e-05,-0.054050049038496355,1004.1638638066336
5.277514231498625e-05,-0.35254280231153656,619.6708804122816,-5.5266762799832294e-05,-0.054050049038496355,1004.1638638066336
-9.062648975051683e-05,-0.20129677816621555,583.0213074050529,-5.5266762799832294e-05,-0.054050049038496355,1004.1638638066336
-5.338722580102632e-05,-0.24359648014819713,595.7780472401146,-5.5266762799832294e-05,-0.054050049038496355,1004.1638638066336
-6.909394952874639e-05,-0.22113545150500064,588.2831362116099,-5.5266762799832294e-05,-0.054050049038496355,1004.1638638066336
-4.305477131564955e-05,-0.2502611518915756,594.6410220214533,-5.5266762799832294e-05,-0.054050049038496355,1004.1638638066336
-7.461836409204519e-05,-0.20319321029847662,577.5416609706094,-5.5266762799832294e-05,-0.054050049038496355,1004.1638638066336
-7.461836409204519e-05,-0.20319321029847662,577.5416609706094,0.00010888524834237722,-0.23565039747579963,1040.0499717215766
-7.461836409204519e-05,-0.20319321029847662,577.5416609706094,2.289724757304151e-06,-0.16119914405454233,1032.7496735431382
-7.461836409204519e-05,-0.20319321029847662,577.5416609706094,2.289724757304151e-06,-0.16119914405454233,1032.7496735431382
-7.461836409204519e-05,-0.20319321029847662,577.5416609706094,9.376276640033389e-05,-0.2247169499182746,1042.8671042885885
-7.461836409204519e-05,-0.20319321029847662,577.5416609706094,9.376276640033389e-05,-0.2247169499182746,1042.8671042885885
-7.461836409204519e-05,-0.20319321029847662,577.5416609706094,9.376276640033389e-05,-0.2247169499182746,1042.8671042885885
-7.461836409204519e-05,-0.20319321029847662,577.5416609706094,9.376276640033389e-05,-0.2247169499182746,1042.8671042885885
-7.461836409204519e-05,-0.20319321029847662,577.5416609706094,9.376276640033389e-05,-0.2247169499182746,1042.8671042885885
-7.461836409204519e-05,-0.20319321029847662,577.5416609706094,9.376276640033389e-05,-0.2247169499182746,1042.8671042885885
-7.461836409204519e-05,-0.20319321029847662,577.5416609706094,9.376276640033389e-05,-0.2247169499182746,1042.8671042885885
-7.461836409204519e-05,-0.20319321029847662,577.5416609706094,9.376276640033389e-05,-0.2247169499182746,1042.8671042885885
-7.461836409204519e-05,-0.20319321029847662,577.5416609706094,9.376276640033389e-05,-0.2247169499182746,1042.8671042885885
-7.461836409204519e-05,-0.20319321029847662,577.5416609706094,9.376276640033389e-05,-0.2247169499182746,1042.8671042885885
-7.461836409204519e-05,-0.20319321029847662,577.5416609706094,9.376276640033389e-05,-0.2247169499182746,1042.8671042885885
-7.461836409204519e-05,-0.20319321029847662,577.5416609706094,9.376276640033389e-05,-0.2247169499182746,1042.8671042885885
-7.461836409204519e-05,-0.20319321029847662,577.5416609706094,9.376276640033389e-05,-0.2247169499182746,1042.8671042885885
-7.461836409204519e-05,-0.20319321029847662,577.5416609706094,9.376276640033389e-05,-0.2247169499182746,1042.8671042885885
-7.461836409204519e-05,-0.20319321029847662,577.5416609706094,9.376276640033389e-05,-0.2247169499182746,1042.8671042885885
-7.461836409204519e-05,-0.20319321029847662,577.5416609706094,9.376276640033389e-05,-0.2247169499182746,1042.8671042885885
-7.461836409204519e-05,-0.20319321029847662,577.5416609706094,9.376276640033389e-05,-0.2247169499182746,1042.8671042885885
-7.461836409204519e-05,-0.20319321029847662,577.5416609706094,9.376276640033389e-05,-0.2247169499182746,1042.8671042885885
-7.461836409204519e-05,-0.20319321029847662,577.5416609706094,9.376276640033389e-05,-0.2247169499182746,1042.8671042885885
-7.461836409204519e-05,-0.20319321029847662,577.5416609706094,9.376276640033389e-05,-0.2247169499182746,1042.8671042885885
-7.461836409204519e-05,-0.20319321029847662,577.5416609706094,9.376276640033389e-05,-0.2247169499182746,1042.8671042885885
-7.461836409204519e-05,-0.20319321029847662,577.5416609706094,9.376276640033389e-05,-0.2247169499182746,1042.8671042885885
-7.461836409204519e-05,-0.20319321029847662,577.5416609706094,9.376276640033389e-05,-0.2247169499182746,1042.8671042885885
-7.461836409204519e-05,-0.20319321029847662,577.5416609706094,9.376276640033389e-05,-0.2247169499182746,1042.8671042885885
-7.461836409204519e-05,-0.20319321029847662,577.5416609706094,9.376276640033389e-05,-0.2247169499182746,1042.8671042885885
-7.461836409204519e-05,-0.20319321029847662,577.5416609706094,9.376276640033389e-05,-0.2247169499182746,1042.8671042885885
-7.461836409204519e-05,-0.20319321029847662,577.5416609706094,9.376276640033389e-05,-0.2247169499182746,1042.8671042885885
-7.461836409204519e-05,-0.20319321029847662,577.5416609706094,9.376276640033389e-05,-0.2247169499182746,1042.8671042885885
-7.461836409204519e-05,-0.20319321029847662,577.5416609706094,9.376276640033389e-05,-0.2247169499182746,1042.8671042885885
-7.461836409204519e-05,-0.20319321029847662,577.5416609706094,9.376276640033389e-05,-0.2247169499182746,1042.8671042885885
-7.461836409204519e-05,-0.20319321029847662,577.5416609706094,9.376276640033389e-05,-0.2247169499182746,1042.8671042885885
-7.461836409204519e-05,-0.20319321029847662,577.5416609706094,9.376276640033389e-05,-0.2247169499182746,1042.8671042885885
-0.000125812397280541,-0.11933717651169183,545.8461416699646,9.376276640033389e-05,-0.2247169499182746,1042.8671042885885
6.013470590317595e-05,-0.3555609530932442,618.4246344906153,9.376276640033389e-05,-0.2247169499182746,1042.8671042885885
9.911533431049658e-05,-0.3982799120913578,628.7198629527222,9.376276640033389e-05,-0.2247169499182746,1042.8671042885885
0.00011982276731263931,-0.4157018527980406,630.3596632007518,9.376276640033389e-05,-0.2247169499182746,1042.8671042885885
0.0001190251975690557,-0.42220161539595746,634.4504647257944,9.376276640033389e-05,-0.2247169499182746,1042.8671042885885
9.493232542984764e-05,-0.4046198877133539,631.341212855018,9.376276640033389e-05,-0.2247169499182746,1042.8671042885885
0.00011235314160539944,-0.4271332465156073,638.3297457586654,9.376276640033389e-05,-0.2247169499182746,1042.8671042885885
0.0001457346448181867,-0.46229824647005685,646.9871730382292,9.376276640033389e-05,-0.2247169499182746,1042.8671042885885
0.00014045615169481736,-0.4604547220382635,647.6343896713612,9.376276640033389e-05,-0.2247169499182746,1042.8671042885885
0.00012459609753018863,-0.4555512127759621,651.4045519493776,9.376276640033389e-05,-0.2247169499182746,1042.8671042885885
0.00014811086621266403,-0.4817421903640054,658.162077738024,9.376276640033389e-05,-0.2247169499182746,1042.8671042885885
0.00013751117389212847,-0.4890670873459262,670.4875589154129,9.376276640033389e-05,-0.2247169499182746,1042.8671042885885
0.00014004780752143334,-0.4913696826219319,671.1809540041145,9.376276640033389e-05,-0.2247169499182746,1042.8671042885885
0.00016625372937436475,-0.5078989040493868,668.3859639110932,9.376276640033389e-05,-0.2247169499182746,1042.8671042885885
0.00015277214768250066,-0.49818598553241805,669.5706206779015,9.376276640033389e-05,-0.2247169499182746,1042.8671042885885
0.0001231360223973583,-0.47486777833667876,663.5842311859433,9.376276640033389e-05,-0.2247169499182746,1042.8671042885885
9.613699451708631e-05,-0.44931255223689515,656.681555207291,9.376276640033389e-05,-0.2247169499182746,1042.8671042885885
9.97618205482483e-05,-0.44498878099861255,653.3379916611057,9.376276640033389e-05,-0.2247169499182746,1042.8671042885885
8.529992020557988e-05,-0.43814894225271556,650.1820310716538,9.376276640033389e-05,-0.2247169499182746,1042.8671042885885
5.9119729168881654e-05,-0.40919245492101236,647.2348801349278,9.376276640033389e-05,-0.2247169499182746,1042.8671042885885
6.195453507963275e-05,-0.4136218783594718,647.2369228678407,9.376276640033389e-05,-0.2247169499182746,1042.8671042885885
5.893846900462177e-05,-0.40796868534647884,644.189225307144,9.376276640033389e-05,-0.2247169499182746,1042.8671042885885
8.693464006531044e-05,-0.43062925035604116,646.1720935265835,9.376276640033389e-05,-0.2247169499182746,1042.8671042885885
9.443731239026671e-05,-0.44482824859823683,654.0486076761881,9.376276640033389e-05,-0.2247169499182746,1042.8671042885885
0.00011840187256468306,-0.4716797718162188,661.1658439155663,9.376276640033389e-05,-0.2247169499182746,1042.8671042885885
0.00017869148007665446,-0.5225292671616112,667.8442095190786,9.376276640033389e-05,-0.2247169499182746,1042.8671042885885
0.00017848077478222277,-0.5251868179928558,670.5213119296075,9.376276640033389e-05,-0.2247169499182746,1042.8671042885885
0.0001965348171288219,-0.5447458757428507,675.167153842812,9.376276640033389e-05,-0.2247169499182746,1042.8671042885885
0.00022554961830043152,-0.5764267449713796,684.580152544305,9.376276640033389e-05,-0.2247169499182746,1042.8671042885885
0.00015751109179915084,-0.513047348814414,671.76342282881,9.376276640033389e-05,-0.2247169499182746,1042.8671042885885
0.00019829446894749014,-0.5653268354778997,689.686750574372,9.376276640033389e-05,-0.2247169499182746,1042.8671042885885
0.00021331121780414925,-0.5908264900626835,700.2092842521586,9.376276640033389e-05,-0.2247169499182746,1042.8671042885885
0.00022743565357583699,-0.6018043679781997,699.2788522145312,9.376276640033389e-05,-0.2247169499182746,1042.8671042885885
0.00021594356821396304,-0.5877573945038453,693.7492603090873,9.376276640033389e-05,-0.2247169499182746,1042.8671042885885
0.00017013782388393138,-0.5405920924919614,683.0367577428077,9.376276640033389e-05,-0.2247169499182746,1042.8671042885885
0.0001551274848488531,-0.5292562686525597,683.2771744544208,9.376276640033389e-05,-0.2247169499182746,1042.8671042885885
0.00020688118436819808,-0.5986487518816855,707.7168754932799,9.376276640033389e-05,-0.2247169499182746,1042.8671042885885
0.00021016709434263416,-0.6062783587356073,712.303696717453,9.376276640033389e-05,-0.2247169499182746,1042.8671042885885
0.000159312371367357,-0.5503780060985378,698.5759143651285,0.0002290428614867141,-0.3155550821512004,1029.8864982793013
0.00010962166024559249,-0.4908618536880009,679.9422582522418,0.0003404089507120864,-0.36762207293592936,1032.6383389034138
0.00013171645026300644,-0.5108864107373257,683.8702531195862,0.00034287086854164643,-0.3666257358341168,1035.780951180228
0.00016723902477879733,-0.5453376737615628,691.6130706482658,0.00027159537123270106,-0.30564542475629247,1031.319642283349
0.00012719916219543174,-0.5059168324043989,681.6764589950027,0.00025169784933038857,-0.31104239679439816,1035.0548011836036
0.00016160077716264392,-0.5424453894346084,691.2139184391707,0.000359876491053127,-0.41442255193904726,1044.3234687193199
0.00017083671631763157,-0.5520296126927785,694.6507072693486,0.00036383213127684077,-0.402813149043774,1042.6937216887552
0.0001366218883913479,-0.5167407499813986,686.9772355214741,0.0003795107278312079,-0.4093769009929417,1040.7018794206429
0.00014917937989406807,-0.5348799456357598,694.5387105804018,0.0003780225987389485,-0.41702743914401186,1042.1276623824797
0.0001848282533599828,-0.5721628452071302,703.9590945009348,0.0003828694851231928,-0.42285596847065676,1043.3343380589433
0.00018334458885372067,-0.5646904255840783,699.3463634328359,0.00037700719433709547,-0.42400036271938407,1044.962114138428
0.00019972219668110605,-0.5785293752695019,699.3268328487673,0.00036362834961067657,-0.4117579317472573,1043.8529920769215
0.000167715516052237,-0.5357661323695145,681.679509095445,0.0003284788339265316,-0.39002936563625723,1044.3383101017
9.931972062908494e-05,-0.4573436811947665,658.4659609446504,0.000321256795429487,-0.38470927587646886,1043.409243378746
0.00021189045570983448,-0.5855280555751206,694.7412814103052,0.00032070359750027894,-0.3888071748934661,1043.8418548254108
0.00022815131985418717,-0.6168175448279691,709.7971555727743,0.00034228453850695625,-0.4068081862022463,1042.1678228000917
0.00024268440030961581,-0.6342097736411874,715.057117370538,0.0003369613990915551,-0.4013109665282805,1040.551817222049
0.0002681914578967621,-0.6533225408572344,715.5877871962854,0.00031285409304348687,-0.3815103505953171,1039.489493146488
0.0002140449359459521,-0.5992372032069057,702.2296001177358,0.0003361907368132875,-0.3927882555111783,1042.0919890762132
0.00021364574461615781,-0.5903710460999585,695.1502701042485,0.0003489835940075193,-0.4009135067794539,1045.3246205710695
0.00020470262333992546,-0.5861200608211449,696.3877549234495,0.0003310982921865806,-0.3914770619030861,1044.5795876052089
0.00029078591555352064,-0.6805195312855439,721.3303422308813,0.0003332380293474288,-0.38881523421052894,1043.7101083861799
0.00013261978281233204,-0.5189372936677121,685.232223197819,0.00034801777588809916,-0.40610374448650693,1045.2712210439943
0.00022498832105366152,-0.6168308000140598,708.3007982084805,0.0003090832768780615,-0.3767817733496707,1042.5529343124033
0.00018065897518237983,-0.5672369461358737,694.2044032124145,0.0003300631284172832,-0.39105244457856264,1044.7938295888741
0.0001957348931878504,-0.5758972706211127,691.3643177474071,0.0003093315318821549,-0.3741244570670079,1043.3080012227706
0.0002288544093772063,-0.6084339559589689,698.0411277672765,0.0002999066517298056,-0.3669811568489758,1042.1272209167184
0.00022639681816677065,-0.602141605962741,694.4733756862369,0.0002999596161774176,-0.36577670007622004,1041.0594384343583
0.0002117848118982502,-0.5977996478847288,699.6799581586884,0.0003138459014656984,-0.37550450650287914,1038.4087926320424
0.00025888540876460933,-0.6539839219303276,717.2233463991382,0.00031512006613734414,-0.37679414464365585,1036.1494854167627
0.0002682256408817572,-0.6721893106765905,725.2236389405944,0.0003210584253626091,-0.38027024985291724,1033.784351800521
0.000254261756664395,-0.657326333568081,722.2603343433295,0.0003261858643447736,-0.3792609484281361,1030.997790226852
0.0002780640194947389,-0.6929210117601756,735.4595290931378,0.00037540549340605304,-0.40535603768649026,1031.6265688879114
0.0002486964801709378,-0.660086484261198,726.4880803043986,0.0004193999347937884,-0.4367197436251769,1034.7593003592765
0.0002720160057476913,-0.6760249652136131,725.7861797940491,0.0003424081134735681,-0.38298989238499015,1029.6912688920195
0.00024140580352797437,-0.6337140307975565,708.9768377644997,0.00030595832382792216,-0.35708975312598407,1029.1062851835402
0.00022084837874311816,-0.6214811977969895,711.8612539665173,0.0003341944939470361,-0.380317973571501,1030.0005511992877
0.00024125277589926916,-0.6357203839958592,708.9963156246629,0.0003154016643278243,-0.3628364883193228,1029.4250827588544
0.00022491444376851474,-0.621673677180562,705.8584043031685,0.0003221555581911893,-0.3701745516945454,1030.0722819365558
0.0002221976861634766,-0.6136910090152741,702.0899423036387,0.0002843818419770181,-0.34414398553075654,1029.760822492202
0.00020237402473510254,-0.617115278661715,713.8727814493548,0.0003150776019528439,-0.36973987914976625,1027.6974655044596
0.00019273065377862638,-0.6092023164492445,714.1375663123719,0.0003043159924943173,-0.36325436732394356,1027.2126753026284
0.00021810051875151471,-0.6420547166171858,729.0414864140618,0.00032871751427343614,-0.3847399136960512,1028.387566133697
0.00027478618942033094,-0.7002163888295468,743.6703965348329,0.00029574894383828436,-0.3550237356441728,1024.260942187422
0.00023157635690855902,-0.6467372828618808,727.5276175095457,0.00030329126782398534,-0.3633929241526672,1026.9187567788872
0.00021220648856880528,-0.622132766314656,717.2916452429985,0.0002926831062533471,-0.3499867705186342,1028.0453696698737
0.00016712214474870406,-0.5744807107158668,705.4104971676217,0.00030744563902620076,-0.35586775697147577,1028.8103429433731
0.00011267000330204038,-0.5105615499052975,685.92867747119,0.0002765114796301686,-0.34148886905317366,1031.7362829879894
0.00010678478714045109,-0.5028922367452459,683.0187401062523,0.0002809707906504642,-0.3467784774092272,1035.7690545817024
9.651669085631222e-05,-0.48276402288055936,674.6919106975154,0.0002493124866054984,-0.3244773297630585,1034.672480777342
0.00011263082881919207,-0.49911279809456677,680.7723343154389,0.00026303241823324503,-0.33180645252165536,1035.0477659921708
0.00011665435404931164,-0.5011793794440855,680.9507396804878,0.00026414857553669666,-0.3317209325572141,1034.9779132266826
0.00011567996296334657,-0.5012029922654987,683.2516838242491,0.00032271424177633554,-0.3809249765128057,1042.5449807693735
0.00014029065907930724,-0.5214659797155456,685.9023101838703,0.0002907185489877371,-0.3558556851979285,1040.781130737992
0.00012652368639763447,-0.5148481623418593,690.131114599686,0.00033977405687020266,-0.3987016381327081,1046.2422430574275
9.728506787330234e-05,-0.4775924831471053,678.6405245174997,0.0003193557848002707,-0.3838279652078459,1045.830833519161
0.00010348269742679723,-0.4819511648322605,680.2310920066457,0.00030815765103162876,-0.3783898665149694,1046.1279066934019
7.505569295248542e-05,-0.4404277737922204,664.8662177405657,0.0002967813345188839,-0.37131607666788824,1048.7350657965212
0.00013833799014518068,-0.5031251061941897,677.4660195114127,0.0002958215012095813,-0.36848747335732984,1050.3234666004355
8.388396986917035e-05,-0.4457074420887699,659.8682960788392,0.00037819885819283483,-0.4049701130284159,1055.185779599467
7.224508674885323e-05,-0.43172558477600115,654.5482211293402,0.00035770220596473767,-0.40056455023592263,1057.4725544652626
5.595968940094636e-05,-0.4170837187789074,650.910802287444,0.0003613798750083769,-0.4047935438214702,1058.4986912599645
0.00010685495289698117,-0.4709759481961171,663.0498263135047,0.000320997054120368,-0.38056021454532557,1055.9688268472314
0.00010698600139900275,-0.4708858696467075,662.2697150277842,0.00031806473370803417,-0.38136375706304343,1055.8431082684936
0.0001915900495258244,-0.5745297563983973,695.3765315561935,0.00037532978832472444,-0.4164796221980824,1056.5205868742235
0.000245048990919222,-0.6342738205365445,712.32134833582,0.0003847822588189634,-0.4269479900541135,1058.1090986752017
0.00024276063128976936,-0.6399629972247901,718.846690774535,0.0003970791412311253,-0.4390228563928065,1057.3511113990367
0.00022669415146233556,-0.6252053504083291,716.9944515394715,0.00038557526471679583,-0.4321189232054573,1056.2862919312724
0.00026468804404140703,-0.6656477668672733,727.5820607828551,0.00036378213922538794,-0.4194825947393991,1055.5567672431741
0.0002695253319189687,-0.6624271644407725,723.1417644560019,0.0003373200523813247,-0.40092444681251466,1055.7961394499102
0.0002631165393502235,-0.6595748834262698,723.9876072122252,0.0003336313415280082,-0.3974783039886703,1054.5505825694368
0.000299798046536561,-0.698148853415447,733.0919125117662,0.00032742675962952803,-0.39405640461338937,1055.2533895550832
0.00028043843191467914,-0.664347783153942,717.1999012540728,0.00030650538978648016,-0.38016233733914384,1056.5935516218274
0.00024812604346921053,-0.6334952626548614,708.1174129736913,0.00031466372447904557,-0.38078122961528527,1057.0649868040869
0.00024326040464417613,-0.6478657901523749,720.0586201779688,0.0003108117405983924,-0.37591918423788423,1052.5516331488466
0.00026838343241803364,-0.6783632301962123,729.6198060776683,0.00030776346632317,-0.3705633921297872,1047.7450647729097
0.0002675887664385168,-0.6846774131729491,734.6964415749853,0.00031330973542847664,-0.37189923637062156,1045.7888067108706
0.00017780560767521097,-0.5928261944797998,714.6875086267702,0.00034811057957446644,-0.39866247725504217,1046.859591642644
0.00017371912108753794,-0.594302283775965,718.7187719819295,0.00036067558763827704,-0.4080878262182659,1045.5781059366861
0.00026055768768847113,-0.6924719348996357,747.1822821246938,0.0003501789271454133,-0.4003280087540345,1042.4506659663557
0.00021442174490000926,-0.642882410704216,735.9486983439629,0.00031771680715284245,-0.37482936942097933,1037.2442405006077
0.0003109737681490303,-0.7590688098061874,773.0564710388884,0.00033887252247649554,-0.38729182911356397,1034.444419360458
0.0003163267060033851,-0.7633509145420636,775.2307263543804,0.00032482592208926095,-0.3781197998263443,1032.3267378275482
0.0003316611541228561,-0.7781614868398713,779.5827335833014,0.00032255415938718283,-0.37541891729964993,1030.0685262864283
0.0003322639878329966,-0.774653112287798,777.4165394432149,0.00032396984376149856,-0.3762858892071634,1030.3359072664293
0.00031645735934333007,-0.7472801724057225,765.7161751605121,0.0003000140300688758,-0.35469361428110846,1028.6331152079633
0.00029343665394837337,-0.7261097828992391,760.4105782540241,0.00029114196662717866,-0.3457389437540695,1028.279024014792
0.00024410933246752929,-0.6622281477387927,737.2492181365624,0.00036235047449611064,-0.38390364734450794,1033.7766032509078
0.00018493418096366673,-0.5894936317227824,712.134245788245,0.00036047923500585747,-0.37678928437356035,1034.3678909725936
0.00024674494162571015,-0.6473102000698387,721.6426186487213,0.0002980637380801571,-0.340518620129212,1031.7871514428673
0.00016117110790974645,-0.5505383145403683,692.7379015581208,0.0002652539425810307,-0.31805509241720575,1030.2352186367411
0.00015194699069758598,-0.5441514382240579,691.9135087648992,0.0002754615919795189,-0.32529527086752386,1028.9227630252574
0.00012054437159478962,-0.510416312678917,683.2195881429494,0.0002731415470187366,-0.31854861698437203,1025.791441743445
0.00012190620929222944,-0.516305471124622,688.7094745983504,0.00030852265842120844,-0.34021211501646503,1024.0210416095126
0.00014262061149233958,-0.5357801613942595,691.7325366744858,0.000275458100647593,-0.31666908135279764,1020.9140888913947
0.0001605769967561473,-0.5614702434165147,703.3380531787183,0.0002874700892274124,-0.32225277568607386,1017.7686024266326
0.00013435019254350093,-0.5374727221877804,701.2161063771147,0.0002794889464835555,-0.3153758691759552,1015.8559078524901
0.00017706444279839696,-0.5758492120252369,705.8257873362112,0.0002653623501241155,-0.30583949644204605,1015.2369177001224
0.00019122881523329127,-0.5812788492094869,703.6384149582279,0.00026026150800248195,-0.3046370259632189,1017.1438850320077
0.00017178052555410703,-0.5464594053744982,688.2181456907874,0.00024497965817719025,-0.29214765207129184,1017.6846799761539
0.0001511443298346713,-0.5242729092340616,680.4013377176523,0.00024324004026871163,-0.28955443602710157,1018.3844188301812
0.00012946889808856105,-0.49920599096368756,671.1989914752578,0.00023129182639700056,-0.2827746364064161,1019.2432393930499
9.692971708860565e-05,-0.4615441046871043,658.6603141644852,0.00022790926478905496,-0.28198314340782804,1020.324105346594
9.132115264190713e-05,-0.45446874404421617,655.7332479889085,0.00021881073061380774,-0.2717992728042614,1017.9138105575184
0.0001292856342516178,-0.49229116718444327,663.7730469925164,0.0002054465808177857,-0.2655143590919091,1019.0273090793642
0.00011537162250915802,-0.48386193359235663,664.6088018826146,0.00020319166815118892,-0.2582381272849534,1012.6245786862701
8.838960618454231e-05,-0.45236556564867664,653.8009597742862,0.00018675326062538258,-0.24851653291714074,1013.1847920055752
9.813299907639429e-05,-0.47200352582428057,664.5062504581375,0.0002209741338737752,-0.2698187826284477,1010.25361086438
0.00013723521769587569,-0.5109447988209609,674.2216973956995,0.00021363722254361182,-0.262203854192394,1007.0374693976075
0.0001463089335972527,-0.5240791578072345,679.9300105857037,0.00020025526601062893,-0.24577468296949379,999.9216638696698
0.00015582757854124652,-0.5389105824938272,687.6256603424283,0.00019674160109987106,-0.23903015704666153,996.7613393302257
0.00018381854074472193,-0.5672775859125708,695.132783562917,0.0001916537433545316,-0.23509349966862414,996.8509651639171
0.00013332289858371805,-0.5048875892882548,676.2303485206374,0.0001817788721942453,-0.22476900398673455,995.3556450855143
0.0001428556804469078,-0.5047899673644379,672.3959769116352,0.00016368993710388997,-0.2120969162107295,996.2973803045728
0.00011514594619580916,-0.48140052175605325,668.0444437184357,0.00016024350476824217,-0.21151765006557383,997.4592689138047
0.0001347896198654285,-0.49300039865563394,665.2560572096918,0.00013662816491162656,-0.19799209131393133,999.3671843998868
0.00016071582628993724,-0.5157105075243642,667.3422101958998,0.00014063976709461184,-0.19823179171724445,999.4183866974164
0.00012548263476058825,-0.47669032254669536,655.8120570794825,0.00013187879498607316,-0.19003848132801668,998.4071032052246
0.00013219216547148243,-0.4834655889909163,657.5005693036791,0.00012129860500058717,-0.17639623419181022,993.6217435871063
0.00012114039422708272,-0.4805924524420835,660.411839987655,0.0001259942075319253,-0.17563078432053314,989.5017319973125
0.0001278897504529516,-0.48884884645210147,664.5032043043461,0.0001359952079523305,-0.1746109856499079,985.3798650297691
0.00012571547948906622,-0.4922741566609507,667.9602111724756,0.0001335583039995296,-0.1697637085250405,981.6837512874439
0.00013882860836642263,-0.5021008634222923,667.663599593684,0.00010918036609565033,-0.14652682333053005,977.914803807387
0.00011255300378496521,-0.46770682148040443,654.9193346424199,0.00011037601887771623,-0.14889892919149894,980.7892477605473
0.00011616528125962035,-0.46678149418715464,651.6812808784508,8.369371908432896e-05,-0.12352418459401349,975.7756642821099
8.841078763387269e-05,-0.4452953508447398,649.5876281814122,9.000928444223437e-05,-0.1254296236432879,973.2875867362269
0.00011974823795023484,-0.4778347420245305,657.5071093846343,9.354301416233378e-05,-0.12761787805270977,972.7001982407764
0.00012582928232206649,-0.4857516512344474,660.6871989768769,8.495121339340678e-05,-0.11654319870513527,967.829959751906
4.679806566599041e-05,-0.41535925290642306,648.9595838124143,9.011300047392737e-05,-0.11380199239766989,962.8630179097314
3.244258516178557e-05,-0.40381627251771524,649.221207205669,9.690328586855884e-05,-0.10690037078472087,956.1431089214154
4.808140413551946e-05,-0.4123692117637048,647.2188203501338,6.932985418189232e-05,-0.09047010864755645,956.4900779624332
5.699227397341425e-06,-0.36764865637507244,637.4803308850481,5.744716693619113e-05,-0.07820024906568628,953.5800684291698
3.745038169368297e-05,-0.39644131489272033,644.0625467657559,4.241191547862055e-05,-0.06475843347809868,950.0908221204966
7.103610675039231e-05,-0.4329921045341214,655.0244011450735,4.4841547664622447e-05,-0.057652579553101636,944.9436434413142
3.557612309707757e-05,-0.40371654686520114,655.3958406401694,4.6149810663318024e-05,-0.048044822843638375,937.7350563028308
4.182640376799482e-05,-0.4033337872824211,653.2045355900843,6.843085385908055e-05,-0.05999294761511471,937.3766457074194
2.213939651874225e-05,-0.3807768277182394,646.9266137040721,3.324821834407728e-05,-0.026145867696370558,930.7506880907854
2.519878885320639e-05,-0.3697351870241631,636.9703426662711,4.115311953138616e-05,-0.03616299712157236,935.152440266225
4.701723498873591e-05,-0.39220039886957136,643.022516010108,5.495943638455668e-05,-0.04067277261008959,930.8037772926934
2.424138939122006e-05,-0.36252139770452513,632.3838711541259,4.0968639120386224e-05,-0.02615790499802444,927.2783692004582
5.5764250547825525e-05,-0.38743234013489386,636.0154002675092,4.730302532621891e-05,-0.025791214407468597,924.9133360884936
4.18247780148167e-05,-0.37238282454517696,633.3580065698811,5.3461043326872745e-05,-0.020785215813130982,918.2910646868569
1.2493241128088132e-05,-0.34004866387774074,620.8706366145875,8.795746816874375e-05,-0.03952919087479897,921.1957511336228
2.4082782605058223e-05,-0.3490088563727386,621.2120900377569,8.795746816874375e-05,-0.03952919087479897,921.1957511336228
2.617085576626514e-05,-0.3363911950850301,610.0305720446564,8.795746816874375e-05,-0.03952919087479897,921.1957511336228
-1.0621340851525256e-05,-0.29752098936532717,600.1926781331808,8.795746816874375e-05,-0.03952919087479897,921.1957511336228
-5.536257056013849e-06,-0.3041443768996964,604.0082327399044,2.873482111032186e-05,0.010997882798926464,900.7418807486571
2.8201701580488678e-05,-0.3299485135128095,603.0193223298031,1.6774711855097186e-05,0.01917798545781071,901.5365466595915
2.6272449984849602e-05,-0.3076030248596607,583.7682666761666,4.4647846770819997e-07,0.01994460824890129,912.9227781328684
4.709023604033906e-05,-0.3340191034877749,593.8653910381281,-1.2977218454330242e-05,0.04266771213313032,901.8293985496382
8.512075457089622e-05,-0.3792989620228808,607.5666006183983,4.83129192137734e-06,0.03923072287513829,893.7288777222385
5.190813625885736e-05,-0.3575176299837797,608.9519064287543,1.591503112926322e-05,0.03958908044643379,884.2698382695622
3.983712498061463e-05,-0.32884961241390614,593.1510611791887,1.0892318875248756e-05,0.03636050065946595,890.945531090979
5.237094837935055e-05,-0.34940666266506565,603.0413445378152,6.053579983646282e-06,0.05082584662016093,882.7976607401285
8.182953878213066e-05,-0.3711731601203626,605.0728550346116,2.3457771663981004e-05,0.03298952042770931,888.0786448391888
0.00012239271395763913,-0.41422200317871616,616.534550663296,1.691333245923048e-05,0.04443389681254734,884.5871644014683
7.503034315348157e-05,-0.3691867604975858,605.740542178775,5.51116077155579e-05,0.021154983322650228,890.5912064931146
8.139818855167172e-05,-0.38129787584360897,609.2169261224872,3.820437414310591e-05,0.029174570434590475,888.9256434508868
7.684213813107593e-05,-0.3750745524301941,606.4397455286631,5.110686738028519e-05,0.011635705906593952,898.1900306067212
3.783674704873201e-05,-0.3462998895296327,605.0289551366127,7.422733568832774e-05,0.0019637273306823294,894.3667483362923
4.570134261269118e-05,-0.35107985944357367,603.7686765263578,5.203271257782491e-05,0.008724350820450092,898.9402841757956
3.733524433867153e-05,-0.3467938087735504,604.8392764248828,5.0426608056020744e-05,0.014519609672028174,895.0316143761604
2.6270063720333827e-05,-0.3326537516664467,599.9115914108596,3.700322052863162e-05,0.021957854392344822,896.329833114526
4.59073546162261e-05,-0.36730650632131095,615.6876050142545,4.701344284259553e-05,0.019852138062258964,890.1146584047328
2.4533334866377236e-05,-0.3398626148560421,606.4579412220828,7.136918905022163e-05,-0.006350879496076111,897.8997396017631
3.9241325209389345e-05,-0.36295897421971685,616.5062179330168,5.725585531042312e-05,0.012301565596687465,888.8952833155122
3.490906376718488e-05,-0.3457565416874287,605.3366426851493,5.921082250384998e-05,0.0012671643656763155,896.0882715284104
2.3263417782513382e-05,-0.3359498199614234,604.4612105757418,5.134510929117091e-05,0.00976438634735973,891.8898290513611
3.6001597922599944e-05,-0.3507304477561673,608.9979020221467,5.7932110690792314e-05,0.005046989687334501,891.1161125674786
2.914078139399966e-05,-0.3539301204501573,616.1935907458986,0.00010364902233407378,-0.024922170549303697,888.783446427673
4.799092820872493e-06,-0.3318310012230177,613.7319360313011,0.00021858504672783347,-0.08829562595803524,893.178309572392
1.4305617753900587e-06,-0.32870655609766436,612.5430427557924,0.0002061537677099282,-0.08563417068389129,890.6625687881867
-1.6657118567026504e-05,-0.3029331090278707,602.8434098597145,0.0001679699935003378,-0.06559870275161087,890.3642389120315
-4.2659122847802934e-05,-0.25826424623594413,580.9705907300249,0.00010008501744510789,-0.026568273076223812,894.9002506593001
-3.192204301075534e-05,-0.2624070235577024,576.418992061393,0.00011234067707094144,-0.04193827625063796,900.8343407409205
-1.3141824683339287e-05,-0.273849657525621,574.7189223388983,9.0830350501573e-05,-0.030982078637806203,901.0456965781433
1.2596234611151737e-06,-0.28653654492273867,574.9687394694859,8.13520708045868e-05,-0.026541136601814865,902.4305849653331
-2.578632956156947e-05,-0.26324220117020963,571.1670831363547,0.0001085288230557028,-0.04917749862755476,905.2284787847697
3.765302958676441e-06,-0.282141690892516,570.2521404188439,9.121231876820231e-05,-0.04001560232811686,907.108633595842
1.297950293778392e-06,-0.28177895551551113,571.189433590992,0.00010904270355024171,-0.05830389899546168,909.3647030327003
7.045193612358776e-06,-0.2817550360087679,567.7421772257594,0.00010471836262655022,-0.05467103151433895,909.3660256828821
1.1851250283293464e-05,-0.29230738964014763,572.9192068948148,0.00011618205827707211,-0.06585470927741165,909.3686435394874
1.0928534936098382e-05,-0.28658345956313946,568.2624092970015,0.00012412111326117226,-0.07391033810351713,912.7457365387564
3.4623695062990796e-05,-0.3139091627540838,575.2524002619689,0.00013581434026809118,-0.08279494428480177,912.7623090279764
1.9284494116986355e-05,-0.30017064745150873,570.5775559642854,0.00020264138967994162,-0.12084291014300504,919.4259105011739
3.759791613048092e-05,-0.3126187381799591,567.7315704268425,0.00017771803317216298,-0.1151928142634255,922.2799695804321
7.024003571136291e-05,-0.35137191626220715,578.4157356674222,0.0001757486583697536,-0.11246124464106837,920.2776723071815
2.2049135512550978e-05,-0.29857415590352104,561.3855318233561,0.00015034773494145316,-0.10269478182573501,923.2561102483922
4.9526744441997406e-05,-0.33506655299850874,575.3424869756344,0.0001848082989227061,-0.12137528060120417,920.7595025988716
2.9746008398072696e-05,-0.32407640960964484,576.7665098136654,0.0002149484260048702,-0.14468958572096755,920.5120558373391
2.3143958276298484e-05,-0.3206083005673161,577.960160314612,0.00015809130894380548,-0.10579662211827712,914.3615756202498
3.8491382831004766e-05,-0.33284305317324153,577.6510019330776,0.00014531270950278612,-0.10203432657436902,916.4625243682679
3.144617028464669e-05,-0.3226829220386399,571.295241237891,0.00014681522109206093,-0.11139637812034107,922.2828675708694
5.121358253963936e-05,-0.3403262102317646,571.9352661044936,0.00013433067705641066,-0.10789164575440845,926.1933044912806
7.558397225463768e-05,-0.3689051469802888,579.5423613996483,0.0001247154785676813,-0.10283486816464421,926.1643973921052
6.552978537461022e-05,-0.3694113004714807,584.0346809344461,0.00012850418309862276,-0.10672103687955463,924.7067354824887
4.980450080268562e-05,-0.3578256639508911,584.6044558889387,0.00013046453881029182,-0.11200634064030957,926.2492535449825
4.6886799617684056e-05,-0.35521399267178844,581.2792633384491,0.00011488567097170701,-0.10917118343362808,931.8872983993931
5.161507722336967e-05,-0.36781561589537676,588.5017755322895,8.525881538052913e-05,-0.09132856855436264,928.7500936299695
6.737694616435612e-05,-0.3808148732438915,588.585793824128,9.175373998935766e-05,-0.10041342655638427,935.4453734219305
9.931927668933166e-05,-0.4231743584687484,603.511461751835,6.032087353220421e-05,-0.07421439267494888,930.7842025082967
7.268605062205004e-05,-0.4066011782865701,605.4943502656771,3.7704906035745104e-05,-0.0630160720771249,930.4997564072002
7.503009526529329e-05,-0.4269034516959684,622.3183721569306,5.769854538534222e-05,-0.06289795184119865,923.4090933712291
5.470648140722261e-05,-0.410295059627713,620.2168034737883,3.10230687277719e-05,-0.051867734711055345,926.1043214324678
8.243831701956145e-05,-0.4316339197629899,621.7699236725341,2.4358263775068007e-05,-0.05166454829702574,932.039423417262
6.914627363932363e-05,-0.4058275073410631,608.9183277512647,2.7409479313686944e-05,-0.06450835906427765,943.7114034432722
9.054239204376857e-05,-0.4246965153155579,613.6262822048271,1.6267565994223825e-05,-0.05449804363907647,944.2750541067583
9.140425923893572e-05,-0.4307057614776355,617.7074194299515,2.2687438313230917e-05,-0.06098498042487795,945.7000212375265
5.392403695875864e-05,-0.40830850424349735,623.1385485863428,3.569242098869516e-05,-0.05910571593278403,938.6516311989108
9.57578967726408e-05,-0.45794907454999423,642.518195132915,1.3228348239696685e-05,-0.0341410187518683,932.4080162721534
0.00011495903282806338,-0.48916014926003554,657.7907487752097,2.274071282274343e-05,-0.03185549101195469,924.9255923352919
0.00010545061546038692,-0.4952520531496314,671.3607124596798,-8.728685480541172e-06,0.0033850559893582963,913.7116863139472
9.352806522617666e-05,-0.46447779683628665,652.6102046800158,-3.1097223007673685e-05,-0.000227614645074367,927.507695138882
7.538500338897611e-05,-0.439484309687885,643.3845922696967,3.475340172778603e-06,-0.029555305228483656,938.2986099369074
7.68932049964834e-05,-0.4204015756945261,628.3084899212012,-2.9911216750774856e-05,-0.01140247908723863,946.3768432558404
6.605196505307265e-05,-0.41530009391274525,628.9215600899286,-1.7114101184550636e-05,-0.01679949121523715,946.4181863380685
4.8593905647364855e-05,-0.39944606778881764,626.8110965237158,-1.3383699643824162e-05,-0.017616257414271405,946.5503521877977
1.9712756843475228e-05,-0.38126367733320427,628.930040402962,-4.824948102380234e-05,0.019592700539437735,935.0821745110123
6.627918505854986e-05,-0.4369420175549774,649.1320936543319,-3.778372498548702e-05,0.024637297707892702,927.2148207736421
6.796760031383945e-05,-0.43852427684315864,650.301430153506,-3.900864886468872e-05,0.028819423775125346,926.2782131003281
4.020565192211108e-05,-0.40937134200745856,643.0793399035028,-4.499981163820953e-05,0.040906370282524175,922.8847559633377
4.869945730526316e-05,-0.41616876086342597,645.3738862173121,-3.9525638467766515e-05,0.038399902990394634,923.9574072133847
4.712887410593078e-05,-0.4197815980314391,650.1709609079709,-3.570196754154111e-05,0.04528199252046703,918.9704866865036
6.047864062630798e-05,-0.426817948640887,649.3164912430902,-3.940222733658734e-05,0.05006628736341975,919.4959663586064
1.5084146558416422e-06,-0.36332223963887733,634.0365589443028,-3.1403343943798e-05,0.04301500683228918,922.8111617624822
-2.9605042837842606e-05,-0.31908994081129566,615.0866002840642,-1.3309176792506296e-05,0.019776336679019773,936.1955290168278
-9.939410415254785e-07,-0.3366650741687509,613.7863775667524,1.1210245718522067e-06,0.009392457370024814,941.9288097874395
1.494156805078514e-05,-0.34844284138388926,615.5972675846544,6.541899088552498e-06,0.00871076871561759,942.2090967598992
-5.9793554137287605e-05,-0.281807145613366,605.5554708306256,-3.243931005353711e-05,0.04011357395180658,932.8230849656642
-5.3950843532690316e-05,-0.2845106813170951,607.667919913195,-4.4978715951511965e-05,0.06902501064690189,922.2037990456593
-4.2501274330259405e-06,-0.3383708631463693,624.4203385470751,-7.641459755288244e-05,0.10189031586258233,909.2654056573463
-4.9939856718967385e-05,-0.2914591727798823,616.1908093467242,-7.108072010607983e-05,0.10766829643670975,903.054237113581
-5.298124632074648e-05,-0.284650015417823,613.6651080649228,-7.501742929742094e-05,0.11282745977998457,902.2809913811883
-8.403207602583291e-05,-0.24182274259616693,595.7307363967486,-5.590383864727878e-05,0.08212267776236337,920.7378783178991
-6.339756865660232e-05,-0.25267817034420753,592.6772045320679,-4.9129852480338724e-05,0.06991845315395136,929.0237038759642
-7.164214552585729e-05,-0.2363661371076094,584.9459354710237,-4.969245900451203e-05,0.07049984997593282,931.1316554295355
-6.421615490412345e-05,-0.23893463812005644,581.2557761260904,-5.380259721536021e-05,0.07137357101955176,934.9941025631705
-5.645715586869171e-05,-0.23928502211591174,577.6184607645874,-4.630096051822321e-05,0.06272779800152731,939.3033659942855
-7.237879385742839e-05,-0.21777022092253223,568.4545375096078,-5.5851760886787764e-05,0.06907909538750377,940.0912816429652
-7.262408071840837e-05,-0.22558332857893768,575.0473083487716,-6.417166630701819e-05,0.0860267080694255,929.7903528721648
-0.0001078394556195518,-0.1921472857873183,568.7219431568303,-0.00011739002982114599,0.13035982433761661,917.4660556909122
-0.0001385782180980083,-0.15932633272195812,562.1349115506612,-0.00010563866803827079,0.13237432105623062,913.7916330688091
-0.00013632920564234278,-0.1569447258647525,556.9883467471494,-0.00011678891095177303,0.12740151026472982,920.8107661943491
-0.00012643291132065417,-0.16966546309962677,564.0927866085698,-9.228637713413197e-05,0.12917755470871212,913.2665254360909
-0.00011567305846680673,-0.16787071310995633,556.3739101274311,-7.91424616114237e-05,0.10510452124255175,927.1388491009164
-0.00010905026605393169,-0.17356553550601317,556.6313715627093,-0.00010847650904819789,0.12823127059168962,924.5659053503314
-0.00010059933342596084,-0.17617852897435796,555.6349831298105,-0.00011457135115321779,0.13537479938228317,924.2343851976773
-0.0001369329142819387,-0.14929615953154407,555.0392354124748,-0.00010228364667275824,0.13854176589923603,915.9350935892699
-0.00013808601330306624,-0.14473872421248496,554.8153085177731,-0.00011521475910665385,0.15877285239495054,908.7608133737947
-0.0001614012720032406,-0.121235853352869,553.0721830985913,-0.00010935277737654647,0.1661938747445671,901.7259868986926
-0.00014989736103378023,-0.13366295263661368,557.7308556764874,-0.00011371957113833728,0.1790639036933424,895.0405265787706
-0.00015774953311129068,-0.12039818200825309,554.2749832327294,-0.00011291492470329775,0.17660450212296408,899.7913357469981
-0.00014733625745587845,-0.1259370396139633,554.3345908786047,-8.160832980016376e-05,0.14905620492959337,906.5529947394009
-0.00014770438005050977,-0.1202917585731595,550.7834507042254,-7.783942157745196e-05,0.14879360849930862,911.1754713214391
-0.00011488715087017066,-0.1483209450458152,555.6829309188465,-5.7094770476647664e-05,0.13205529553329795,916.686743695302
-0.00013225440511761203,-0.12533511261323274,548.8153085177731,-5.7094770476647664e-05,0.13205529553329795,916.686743695302
-0.00013112210222956908,-0.12475324301727884,548.4031690140845,-5.7094770476647664e-05,0.13205529553329795,916.686743695302
-0.0001282081604771181,-0.11916609803210054,543.1553487592217,-5.7094770476647664e-05,0.13205529553329795,916.686743695302
-0.00012716493953229398,-0.1120412900704232,536.4679745137491,-6.304048719783109e-05,0.11579679410419218,937.9692761143126
-0.00010413275655413611,-0.1312440048162584,539.0248155600268,-6.088789774685598e-05,0.11360954103098937,939.1467568529515
-0.00010947301729667119,-0.1277652556086855,539.3221830985915,-7.086216547453596e-05,0.12767850803282701,933.2092797453768
-9.596080742135075e-05,-0.13887201401671792,542.1173708920187,-6.257151886490877e-05,0.1315246429314388,926.2895339526096
-0.00012802836551073057,-0.11224140107223465,539.6799097878612,-7.911762321266906e-05,0.1569555227970027,913.8888311150621
-0.00014131426479390715,-0.0977551753728374,536.6978176943804,-0.00013766735296457785,0.21234135801010956,899.860993812368
-0.00010586371295612898,-0.12690956979806922,539.6890562962253,-0.00010361455497070039,0.18543312499152187,906.8783024233383
-0.00010763202447245453,-0.12157335174702436,537.4027242950204,-0.0001026100747134434,0.18607953148572126,906.3530678866412
-9.038961648454044e-05,-0.12997191156317142,534.9276492287054,-0.00010409202002722897,0.18330342546116213,909.7701933432886
-0.00012769674503869258,-0.09328295458900705,525.0391934690172,-0.00011639333549034467,0.18372188806122797,914.428047775194
-0.00010919930392754456,-0.10505748772898578,523.7029566335679,-0.00011821822319833718,0.17842942667506634,918.689633891454
-8.995196651958983e-05,-0.11837744658745981,523.535127431254,-0.00014171113895289643,0.18543066830015473,922.5328229622886
-9.646561490341628e-05,-0.11802375478665757,527.2369015365742,-8.019681061970826e-05,0.16324893597759305,915.8652547779633
-9.56566251762069e-05,-0.12399984877796913,532.3298122065725,-8.999350766755097e-05,0.1809112170861475,906.7057466186789
-9.011047287706231e-05,-0.1274389518019692,532.3274703463223,-8.753194083467518e-05,0.17879264134963083,906.8601938715809
-7.69990403939064e-05,-0.13735170770876554,533.5765357180264,-9.569211765652251e-05,0.18677802405366695,904.9114596155594
-7.908717526582256e-05,-0.134394919958269,532.7715106323644,-8.393854953567361e-05,0.18067745555954584,905.0385367179422
-9.32805172929058e-05,-0.12342182203149064,531.4080232025603,-0.00011933612392566598,0.21435216328222848,896.7486454923985
-8.208420086562484e-05,-0.12626769813143857,526.9989745655603,-0.0001193913165867581,0.2083563134472216,903.2691149578661
-7.696534195299231e-05,-0.12506963845884062,522.3149912043979,-8.843390106336239e-05,0.17421735515724285,915.1321318945263
-8.012469905294111e-05,-0.12085886404288512,521.7485080519053,-0.00010685965118974484,0.1996564904032688,905.8638833568064
-7.455729772358457e-05,-0.13474215056839398,528.7806492244606,-8.268204733840025e-05,0.186713932762391,902.7370051896867
-4.653151574793356e-05,-0.16335608110794678,537.1023073940986,-8.476450337408215e-05,0.19542037239103754,897.8395643990012
-6.747089930030595e-05,-0.1492326054395844,536.8836965616832,-7.291877262980902e-05,0.1957047651790842,891.8845199980219
-7.90976266087199e-05,-0.1433375800899432,536.341800804829,-1.5030569702989363e-05,0.15855344004520522,897.3620773841172
-9.131086604880826e-05,-0.14058342381655656,540.4871405757651,-9.377857481427682e-06,0.16360760526404047,889.3256282155594
-4.1662724713077433e-05,-0.1798553601008757,545.3166498993962,-5.326839931192522e-05,0.18524476631094267,890.2683840276682
-6.775442237529831e-05,-0.16137919706316314,544.5786384976526,-7.907255212862863e-05,0.20601841697786866,884.8732867874834
-4.450558714498631e-05,-0.178929662139192,545.6052984574111,-6.878289352512594e-05,0.19348903359061775,890.0962226499856
-4.771315788101437e-05,-0.17692256215312266,545.1607981220656,-6.643650784752578e-05,0.19371244870318235,889.0875050136375
-4.771315788101437e-05,-0.17692256215312266,545.1607981220656,-6.643650784752578e-05,0.19371244870318235,889.0875050136375
